 serial_id,username,no. of tags per photo
1,Darby_Herzog,19
2,Emilio_Bernier52,16
3,Elenor88,17
4,Nicole71,17
5,Jordyn.Jacobson2,24
6,Nia_Haag,11
7,Rafael.Hickle2,15
8,Aurelie71,20
9,Clint27,16
10,Bethany20,20
11,Josianne.Friesen,24
12,Kelsi26,22
13,Jaylan.Lakin,38
14,Gus93,17
15,Karley_Bosco,23
16,Granville_Kutch,19
17,Mike.Auer39,39
18,Frederik_Rice,24
19,Seth46,19
20,Pearl7,42
21,Malinda_Streich,59
22,Mckenna17,0
23,Janelle.Nikolaus81,0
24,Aracely.Johnston98,0
25,Yazmin_Mills95,0
26,Annalise.McKenzie16,0
27,Ollie_Ledner37,0
28,Presley_McClure,0
29,Arely_Bogan63,0
30,Dario77,0
31,Tabitha_Schamberger11,0
32,Peter.Stehr0,0
33,Gerard79,0
34,Irwin.Larson,0
35,Keenan.Schamberger60,0
36,Delpha.Kihn,0
37,Harrison.Beatty50,0
38,Jaime53,0
39,Jessyca_West,0
40,Leslie67,0
41,Kaley9,0
42,Aiyana_Hoeger,0
43,Adelle96,0
44,Tierra.Trantow,0
45,Billy52,0
46,Janet.Armstrong,0
47,Florence99,0
48,Colten.Harris76,0
49,Kathryn80,0
50,Jayson65,0
51,Cesar93,0
52,Odessa2,0
53,Morgan.Kassulke,0
54,Damon35,0
55,Katarina.Dibbert,0
56,Bartholome.Bernhard,0
57,Franco_Keebler64,0
58,Yvette.Gottlieb91,0
59,Aniya_Hackett,0
60,Alek_Watsica,0
61,Maya.Farrell,0
62,Kasandra_Homenick,0
63,Ressie_Stanton46,0
64,Duane60,0
65,Kenneth64,0
66,Zack_Kemmer93,0
67,Alysa22,0
68,Donald.Fritsch,0
69,Esther.Zulauf61,0
70,Dereck65,0
71,Rocio33,0
72,Eveline95,0
73,Hulda.Macejkovic,0
74,Imani_Nicolas17,0
75,Julien_Schmidt,0
76,David.Osinski47,0
77,Norbert_Carroll35,0
78,Jaclyn81,0
79,Linnea59,0
80,Tomas.Beatty93,0
81,Willie_Leuschke,0
82,Kenton_Kirlin,0
83,Harley_Lind18,0
84,Rick29,0
85,Esmeralda.Mraz57,0
86,Darwin29,0
87,Delfina_VonRueden68,0
88,Javonte83,0
89,Alexandro35,0
90,Lennie_Hartmann40,0
91,Sam52,0
92,Andre_Purdy85,0
93,Meggie_Doyle,0
94,Erick5,0
95,Mariano_Koch3,0
96,Maxwell.Halvorson,0
97,Hailee26,0
98,Milford_Gleichner42,0
99,Travon.Waters,0
100,Justina.Gaylord27,0
