id,username,created_at
80,Darby_Herzog,5/6/2016 0:14
67,Emilio_Bernier52,5/6/2016 13:04
63,Elenor88,5/8/2016 1:30
95,Nicole71,5/9/2016 17:30
38,Jordyn.Jacobson2,5/14/2016 7:56
71,Nia_Haag,5/14/2016 15:38
40,Rafael.Hickle2,5/19/2016 9:51
58,Aurelie71,5/31/2016 6:20
88,Clint27,6/2/2016 21:40
91,Bethany20,6/3/2016 23:31
26,Josianne.Friesen,6/7/2016 12:47
39,Kelsi26,6/8/2016 17:48
73,Jaylan.Lakin,6/10/2016 23:58
9,Gus93,6/24/2016 19:36
69,Karley_Bosco,6/24/2016 23:38
48,Granville_Kutch,6/26/2016 3:10
66,Mike.Auer39,7/1/2016 17:36
92,Frederik_Rice,7/6/2016 21:56
44,Seth46,7/7/2016 11:40
34,Pearl7,7/8/2016 21:42
46,Malinda_Streich,7/9/2016 21:37
41,Mckenna17,7/17/2016 17:25
76,Janelle.Nikolaus81,7/21/2016 9:26
82,Aracely.Johnston98,7/25/2016 18:49
37,Yazmin_Mills95,7/27/2016 0:56
16,Annalise.McKenzie16,8/2/2016 21:32
36,Ollie_Ledner37,8/4/2016 15:42
10,Presley_McClure,8/7/2016 16:25
4,Arely_Bogan63,8/13/2016 1:28
28,Dario77,8/18/2016 7:15
8,Tabitha_Schamberger11,8/20/2016 2:19
56,Peter.Stehr0,8/22/2016 18:05
50,Gerard79,8/23/2016 19:47
32,Irwin.Larson,8/26/2016 19:36
96,Keenan.Schamberger60,8/28/2016 14:57
20,Delpha.Kihn,8/31/2016 2:42
47,Harrison.Beatty50,9/2/2016 3:48
29,Jaime53,9/11/2016 18:51
89,Jessyca_West,9/14/2016 23:47
75,Leslie67,9/21/2016 5:14
30,Kaley9,9/23/2016 21:24
31,Aiyana_Hoeger,9/29/2016 20:28
65,Adelle96,10/1/2016 0:37
25,Tierra.Trantow,10/3/2016 12:49
15,Billy52,10/5/2016 14:10
43,Janet.Armstrong,10/6/2016 7:57
64,Florence99,10/6/2016 23:08
78,Colten.Harris76,10/10/2016 2:38
72,Kathryn80,10/11/2016 9:01
61,Jayson65,10/14/2016 19:10
59,Cesar93,10/18/2016 16:42
18,Odessa2,10/21/2016 18:16
49,Morgan.Kassulke,10/30/2016 12:42
94,Damon35,10/31/2016 14:44
79,Katarina.Dibbert,11/3/2016 13:14
83,Bartholome.Bernhard,11/6/2016 2:31
68,Franco_Keebler64,11/13/2016 20:09
33,Yvette.Gottlieb91,11/14/2016 12:32
5,Aniya_Hackett,12/7/2016 1:04
99,Alek_Watsica,12/10/2016 7:43
42,Maya.Farrell,12/11/2016 18:04
7,Kasandra_Homenick,12/12/2016 6:50
62,Ressie_Stanton46,12/20/2016 15:09
54,Duane60,12/21/2016 4:43
22,Kenneth64,12/27/2016 9:48
52,Zack_Kemmer93,1/1/2017 5:58
84,Alysa22,1/1/2017 17:44
77,Donald.Fritsch,1/7/2017 10:05
81,Esther.Zulauf61,1/14/2017 17:02
12,Dereck65,1/19/2017 1:34
21,Rocio33,1/23/2017 11:51
23,Eveline95,1/23/2017 23:14
74,Hulda.Macejkovic,1/25/2017 17:17
98,Imani_Nicolas17,1/31/2017 22:59
57,Julien_Schmidt,2/2/2017 23:12
45,David.Osinski47,2/5/2017 21:23
17,Norbert_Carroll35,2/6/2017 22:05
14,Jaclyn81,2/6/2017 23:29
53,Linnea59,2/7/2017 7:49
97,Tomas.Beatty93,2/11/2017 11:38
93,Willie_Leuschke,2/15/2017 1:40
1,Kenton_Kirlin,2/16/2017 18:22
3,Harley_Lind18,2/21/2017 11:12
87,Rick29,2/24/2017 11:25
90,Esmeralda.Mraz57,3/3/2017 11:52
27,Darwin29,3/18/2017 3:10
86,Delfina_VonRueden68,3/21/2017 12:02
100,Javonte83,3/27/2017 22:06
13,Alexandro35,3/29/2017 17:09
35,Lennie_Hartmann40,3/30/2017 3:25
60,Sam52,3/30/2017 22:03
2,Andre_Purdy85,4/2/2017 17:11
55,Meggie_Doyle,4/4/2017 12:17
70,Erick5,4/5/2017 23:44
51,Mariano_Koch3,4/17/2017 14:14
24,Maxwell.Halvorson,4/18/2017 2:32
19,Hailee26,4/29/2017 18:53
85,Milford_Gleichner42,4/30/2017 7:50
6,Travon.Waters,4/30/2017 13:26
11,Justina.Gaylord27,5/4/2017 16:32
